,timestamp,pv_yield_power,household_consumption,wind_yield_power,geothermal_yield_power
0,2023-06-03 0:00:00,0,3373.817994,15179.0,2000.0
1,2023-06-03 0:05:00,0,3327.497336,8401.0,2000.0
2,2023-06-03 0:10:00,0,3282.971003,12509.0,2000.0
3,2023-06-03 0:15:00,0,3281.698338,10406.0,2000.0
4,2023-06-03 0:20:00,0,3392.708339,5346.0,2000.0
5,2023-06-03 0:25:00,0,3393.997668,10142.0,2000.0
6,2023-06-03 0:30:00,0,3239.520331,7664.0,2000.0
7,2023-06-03 0:35:00,0,3204.672667,1878.0,2000.0
8,2023-06-03 0:40:00,0,3235.56867,12026.0,2000.0
9,2023-06-03 0:45:00,0,3322.152675,11710.0,2000.0
10,2023-06-03 0:50:00,0,3293.529337,11928.0,2000.0
11,2023-06-03 0:55:00,0,3304.100661,2873.0,2000.0
12,2023-06-03 1:00:00,0,3485.254999,14304.0,2000.0
13,2023-06-03 1:05:00,0,3443.850336,5887.0,2000.0
14,2023-06-03 1:10:00,0,3468.914665,16896.0,2000.0
15,2023-06-03 1:15:00,0,3479.575328,18676.0,2000.0
16,2023-06-03 1:20:00,0,3517.458995,2297.0,2000.0
17,2023-06-03 1:25:00,0,3277.996328,19964.0,2000.0
18,2023-06-03 1:30:00,0,3257.001994,831.0,2000.0
19,2023-06-03 1:35:00,0,3351.893339,7432.0,2000.0
20,2023-06-03 1:40:00,0,3429.657003,18878.0,2000.0
21,2023-06-03 1:45:00,0,3286.776335,7849.0,2000.0
22,2023-06-03 1:50:00,0,3231.621329,13205.0,2000.0
23,2023-06-03 1:55:00,0,3208.168671,11670.0,2000.0
24,2023-06-03 2:00:00,0,3220.720992,3486.0,2000.0
25,2023-06-03 2:05:00,0,3117.995004,10490.0,2000.0
26,2023-06-03 2:10:00,0,3198.918346,4260.0,2000.0
27,2023-06-03 2:15:00,0,3209.687001,3711.0,2000.0
28,2023-06-03 2:20:00,0,3228.162669,17647.0,2000.0
29,2023-06-03 2:25:00,0,3231.389001,19718.0,2000.0
30,2023-06-03 2:30:00,0,3179.959661,8713.0,2000.0
31,2023-06-03 2:35:00,0,3234.449666,16831.0,2000.0
32,2023-06-03 2:40:00,0,3117.141329,1842.0,2000.0
33,2023-06-03 2:45:00,0,3003.122658,6180.0,2000.0
34,2023-06-03 2:50:00,0,3091.669671,11598.0,2000.0
35,2023-06-03 2:55:00,0,3145.799999,15441.0,2000.0
36,2023-06-03 3:00:00,0,3137.715332,17049.0,2000.0
37,2023-06-03 3:05:00,0,3042.297999,11489.0,2000.0
38,2023-06-03 3:10:00,0,2866.476338,9300.0,2000.0
39,2023-06-03 3:15:00,0,2916.458004,879.0,2000.0
40,2023-06-03 3:20:00,0,3025.491328,1550.0,2000.0
41,2023-06-03 3:25:00,0,2968.600994,18207.0,2000.0
42,2023-06-03 3:30:00,34.76666667,2781.391333,4415.0,2000.0
43,2023-06-03 3:35:00,104.7666667,2939.373,9045.0,2000.0
44,2023-06-03 3:40:00,174.7666667,2944.119331,18966.0,2000.0
45,2023-06-03 3:45:00,299.4,2929.194666,14080.0,2000.0
46,2023-06-03 3:50:00,479.4,2958.941329,18072.0,2000.0
47,2023-06-03 3:55:00,659.4,3186.175663,2138.0,2000.0
48,2023-06-03 4:00:00,966.05,3358.622006,10161.0,2000.0
49,2023-06-03 4:05:00,1401.05,3241.935331,6823.0,2000.0
50,2023-06-03 4:10:00,1836.05,3144.017995,17701.0,2000.0
51,2023-06-03 4:15:00,2675.833333,3036.786333,5457.0,2000.0
52,2023-06-03 4:20:00,3925.833333,3814.673653,6943.0,2000.0
53,2023-06-03 4:25:00,5175.833333,3201.131,18961.0,2000.0
54,2023-06-03 4:30:00,6170.05,3236.168668,7135.0,2000.0
55,2023-06-03 4:35:00,6905.05,3490.500998,16053.0,2000.0
56,2023-06-03 4:40:00,7640.05,3796.156994,16711.0,2000.0
57,2023-06-03 4:45:00,8235.983333,3301.728335,6211.0,2000.0
58,2023-06-03 4:50:00,8690.983333,3629.742334,13139.0,2000.0
59,2023-06-03 4:55:00,9145.983333,3601.71933,406.0,2000.0
60,2023-06-03 5:00:00,9531.45,3409.273997,8509.0,2000.0
61,2023-06-03 5:05:00,9846.45,3072.065666,17257.0,2000.0
62,2023-06-03 5:10:00,10161.45,3494.165334,914.0,2000.0
63,2023-06-03 5:15:00,10804.25,3659.155001,18157.0,2000.0
64,2023-06-03 5:20:00,11779.25,3912.370006,14528.0,2000.0
65,2023-06-03 5:25:00,12754.25,4034.433655,4901.0,2000.0
66,2023-06-03 5:30:00,13485.88333,3842.43433,13692.0,2000.0
67,2023-06-03 5:35:00,13970.88333,4569.522667,3562.0,2000.0
68,2023-06-03 5:40:00,14455.88333,4828.554336,7202.0,2000.0
69,2023-06-03 5:45:00,14712.41667,5643.67201,8303.0,2000.0
70,2023-06-03 5:50:00,14737.41667,5473.832,7261.0,2000.0
71,2023-06-03 5:55:00,14762.41667,3372.400989,8120.0,2000.0
72,2023-06-03 6:00:00,15296.5,4161.753337,15811.0,2000.0
73,2023-06-03 6:05:00,16346.5,4888.712333,6569.0,2000.0
74,2023-06-03 6:10:00,17396.5,5001.04334,15377.0,2000.0
75,2023-06-03 6:15:00,18163.4,4413.129661,9958.0,2000.0
76,2023-06-03 6:20:00,18643.4,3501.753332,18553.0,2000.0
77,2023-06-03 6:25:00,19123.4,3613.676337,17913.0,2000.0
78,2023-06-03 6:30:00,19682.86667,3592.162002,17354.0,2000.0
79,2023-06-03 6:35:00,20322.86667,4434.487001,16500.0,2000.0
80,2023-06-03 6:40:00,20962.86667,4100.694341,3121.0,2000.0
81,2023-06-03 6:45:00,21587.96667,5192.387995,10893.0,2000.0
82,2023-06-03 6:50:00,22197.96667,5430.091334,15035.0,2000.0
83,2023-06-03 6:55:00,22807.96667,4461.443989,9260.0,2000.0
84,2023-06-03 7:00:00,23408.03333,4620.20232,3425.0,2000.0
85,2023-06-03 7:05:00,23998.03333,4376.847329,2099.0,2000.0
86,2023-06-03 7:10:00,24588.03333,4375.957672,12381.0,2000.0
87,2023-06-03 7:15:00,25245.08333,4741.680008,3284.0,2000.0
88,2023-06-03 7:20:00,25970.08333,4925.663339,5539.0,2000.0
89,2023-06-03 7:25:00,26695.08333,6667.060339,9285.0,2000.0
90,2023-06-03 7:30:00,27420.08333,7291.949003,9921.0,2000.0
91,2023-06-03 7:35:00,28145.08333,5945.053353,8018.0,2000.0
92,2023-06-03 7:40:00,28870.08333,5419.022656,3072.0,2000.0
93,2023-06-03 7:45:00,29460.98333,4855.044327,16334.0,2000.0
94,2023-06-03 7:50:00,29915.98333,6221.998001,5536.0,2000.0
95,2023-06-03 7:55:00,30370.98333,5835.11934,14020.0,2000.0
96,2023-06-03 8:00:00,30883.1,4707.38999,12854.0,2000.0
97,2023-06-03 8:05:00,31453.1,5013.997335,12242.0,2000.0
98,2023-06-03 8:10:00,32023.1,6551.268988,1978.0,2000.0
99,2023-06-03 8:15:00,32595.58333,7754.224693,2219.0,2000.0
100,2023-06-03 8:20:00,33170.58333,8158.238346,13194.0,2000.0
101,2023-06-03 8:25:00,33745.58333,6807.085693,10222.0,2000.0
102,2023-06-03 8:30:00,34246.08333,6302.00798,12962.0,2000.0
103,2023-06-03 8:35:00,34671.08333,4255.274332,5188.0,2000.0
104,2023-06-03 8:40:00,35096.08333,4520.051994,5161.0,2000.0
105,2023-06-03 8:45:00,35478.86667,4966.671992,15978.0,2000.0
106,2023-06-03 8:50:00,35818.86667,4585.310003,11780.0,2000.0
107,2023-06-03 8:55:00,36158.86667,4817.474337,7810.0,2000.0
108,2023-06-03 9:00:00,36538.6,4492.962334,17684.0,2000.0
109,2023-06-03 9:05:00,36958.6,4292.551994,3592.0,2000.0
110,2023-06-03 9:10:00,37378.6,4392.575667,11372.0,2000.0
111,2023-06-03 9:15:00,37743.96667,4767.846667,8978.0,2000.0
112,2023-06-03 9:20:00,38053.96667,5602.617311,16364.0,2000.0
113,2023-06-03 9:25:00,38363.96667,6901.637338,18303.0,2000.0
114,2023-06-03 9:30:00,38788.2,7621.431647,18902.0,2000.0
115,2023-06-03 9:35:00,39328.2,7412.248332,9224.0,2000.0
116,2023-06-03 9:40:00,39868.2,5961.741326,17092.0,2000.0
117,2023-06-03 9:45:00,39993.48333,4616.233996,13925.0,2000.0
118,2023-06-03 9:50:00,39698.48333,5390.230996,1834.0,2000.0
119,2023-06-03 9:55:00,39403.48333,6168.744344,3816.0,2000.0
120,2023-06-03 10:00:00,38179.71667,6276.202659,14049.0,2000.0
121,2023-06-03 10:05:00,36014.71667,7622.664659,5968.0,2000.0
122,2023-06-03 10:10:00,33849.71667,7406.560673,19442.0,2000.0
123,2023-06-03 10:15:00,33964.41667,6535.364013,172.0,2000.0
124,2023-06-03 10:20:00,36389.41667,4505.068342,12346.0,2000.0
125,2023-06-03 10:25:00,38814.41667,4319.215994,490.0,2000.0
126,2023-06-03 10:30:00,38468.01667,3884.784659,19935.0,2000.0
127,2023-06-03 10:35:00,35313.01667,3955.552339,14648.0,2000.0
128,2023-06-03 10:40:00,32158.01667,4373.214333,4491.0,2000.0
129,2023-06-03 10:45:00,32191.61667,4568.811325,19008.0,2000.0
130,2023-06-03 10:50:00,35456.61667,6318.483657,7119.0,2000.0
131,2023-06-03 10:55:00,38721.61667,5613.434341,3343.0,2000.0
132,2023-06-03 11:00:00,39031.45,7157.336664,17297.0,2000.0
133,2023-06-03 11:05:00,36346.45,6955.722658,4880.0,2000.0
134,2023-06-03 11:10:00,33661.45,5123.361689,5529.0,2000.0
135,2023-06-03 11:15:00,32590.61667,4707.038998,16214.0,2000.0
136,2023-06-03 11:20:00,33155.61667,4819.057669,6091.0,2000.0
137,2023-06-03 11:25:00,33720.61667,4618.867673,6098.0,2000.0
138,2023-06-03 11:30:00,35552.11667,4688.350338,19902.0,2000.0
139,2023-06-03 11:35:00,38667.11667,6915.492366,5004.0,2000.0
140,2023-06-03 11:40:00,41782.11667,8097.697342,14822.0,2000.0
141,2023-06-03 11:45:00,42662.11667,6945.682331,6641.0,2000.0
142,2023-06-03 11:50:00,41277.11667,6159.864999,7698.0,2000.0
143,2023-06-03 11:55:00,39892.11667,6817.581673,7514.0,2000.0
144,2023-06-03 12:00:00,37322.56667,5977.421024,19150.0,2000.0
145,2023-06-03 12:05:00,33552.56667,5263.474999,8958.0,2000.0
146,2023-06-03 12:10:00,29782.56667,4646.530674,11107.0,2000.0
147,2023-06-03 12:15:00,25754.3,6566.798353,12458.0,2000.0
148,2023-06-03 12:20:00,21464.3,4648.904,15518.0,2000.0
149,2023-06-03 12:25:00,17174.3,4499.591993,5991.0,2000.0
150,2023-06-03 12:30:00,18357.56667,4459.762336,1446.0,2000.0
151,2023-06-03 12:35:00,25087.56667,3681.135671,17414.0,2000.0
152,2023-06-03 12:40:00,31817.56667,4818.653978,13376.0,2000.0
153,2023-06-03 12:45:00,35828.31667,4864.267012,1984.0,2000.0
154,2023-06-03 12:50:00,37083.31667,4377.674662,19659.0,2000.0
155,2023-06-03 12:55:00,38338.31667,5796.683998,7085.0,2000.0
156,2023-06-03 13:00:00,34673.83333,4994.521348,1054.0,2000.0
157,2023-06-03 13:05:00,26023.83333,5220.264352,14657.0,2000.0
158,2023-06-03 13:10:00,17373.83333,4727.833999,2677.0,2000.0
159,2023-06-03 13:15:00,12893.35,5785.587013,14413.0,2000.0
160,2023-06-03 13:20:00,12638.35,6215.812994,16149.0,2000.0
161,2023-06-03 13:25:00,12383.35,6237.992676,3478.0,2000.0
162,2023-06-03 13:30:00,14748.26667,5482.194003,15658.0,2000.0
163,2023-06-03 13:35:00,19768.26667,4358.934659,15169.0,2000.0
164,2023-06-03 13:40:00,24788.26667,5582.524648,14839.0,2000.0
165,2023-06-03 13:45:00,25333.3,6027.046984,1168.0,2000.0
166,2023-06-03 13:50:00,21343.3,4912.883993,7303.0,2000.0
167,2023-06-03 13:55:00,17353.3,4219.928334,10390.0,2000.0
168,2023-06-03 14:00:00,18382.11667,4589.412002,17705.0,2000.0
169,2023-06-03 14:05:00,24497.11667,5913.167339,18336.0,2000.0
170,2023-06-03 14:10:00,30612.11667,7039.605669,3220.0,2000.0
171,2023-06-03 14:15:00,30948.4,6332.067671,13046.0,2000.0
172,2023-06-03 14:20:00,25428.4,6086.001998,5343.0,2000.0
173,2023-06-03 14:25:00,19908.4,3674.154335,18574.0,2000.0
174,2023-06-03 14:30:00,19886.5,4238.258332,2964.0,2000.0
175,2023-06-03 14:35:00,25436.5,5977.238989,18272.0,2000.0
176,2023-06-03 14:40:00,30986.5,6063.897325,2685.0,2000.0
177,2023-06-03 14:45:00,33355.35,5124.320675,18669.0,2000.0
178,2023-06-03 14:50:00,32500.35,4175.339004,18343.0,2000.0
179,2023-06-03 14:55:00,31645.35,4142.883325,18441.0,2000.0
180,2023-06-03 15:00:00,31016.33333,7323.484671,9014.0,2000.0
181,2023-06-03 15:05:00,30616.33333,8621.058649,5047.0,2000.0
182,2023-06-03 15:10:00,30216.33333,8204.847996,3855.0,2000.0
183,2023-06-03 15:15:00,29369.33333,7742.778672,3813.0,2000.0
184,2023-06-03 15:20:00,28069.33333,7397.691016,6611.0,2000.0
185,2023-06-03 15:25:00,26769.33333,5634.755989,19717.0,2000.0
186,2023-06-03 15:30:00,24992.53333,5904.013661,6066.0,2000.0
187,2023-06-03 15:35:00,22732.53333,6168.884333,11428.0,2000.0
188,2023-06-03 15:40:00,20472.53333,4960.736679,16623.0,2000.0
189,2023-06-03 15:45:00,19948.38333,4866.733681,10013.0,2000.0
190,2023-06-03 15:50:00,21183.38333,4844.432661,18834.0,2000.0
191,2023-06-03 15:55:00,22418.38333,6753.570637,18360.0,2000.0
192,2023-06-03 16:00:00,22456.41667,6969.242013,39.0,2000.0
193,2023-06-03 16:05:00,21281.41667,6933.203334,14453.0,2000.0
194,2023-06-03 16:10:00,20106.41667,6989.523985,11243.0,2000.0
195,2023-06-03 16:15:00,17530.81667,7701.638333,9927.0,2000.0
196,2023-06-03 16:20:00,13535.81667,7899.360342,15306.0,2000.0
197,2023-06-03 16:25:00,9540.816667,7624.575352,4333.0,2000.0
198,2023-06-03 16:30:00,7217.1,5977.746675,14394.0,2000.0
199,2023-06-03 16:35:00,6587.1,6129.447659,7135.0,2000.0
200,2023-06-03 16:40:00,5957.1,5419.201642,19459.0,2000.0
201,2023-06-03 16:45:00,5731.883333,4524.380336,2981.0,2000.0
202,2023-06-03 16:50:00,5916.883333,4489.128337,18323.0,2000.0
203,2023-06-03 16:55:00,6101.883333,4541.002667,118.0,2000.0
204,2023-06-03 17:00:00,5909.416667,4724.517331,6589.0,2000.0
205,2023-06-03 17:05:00,5334.416667,4780.309663,8595.0,2000.0
206,2023-06-03 17:10:00,4759.416667,4815.296336,1215.0,2000.0
207,2023-06-03 17:15:00,4199.316667,4980.467009,19870.0,2000.0
208,2023-06-03 17:20:00,3654.316667,4702.158339,12028.0,2000.0
209,2023-06-03 17:25:00,3109.316667,5131.450663,56.0,2000.0
210,2023-06-03 17:30:00,2753.05,5368.061993,6570.0,2000.0
211,2023-06-03 17:35:00,2588.05,4657.022651,9940.0,2000.0
212,2023-06-03 17:40:00,2423.05,4677.083672,10319.0,2000.0
213,2023-06-03 17:45:00,2270.466667,4930.154332,8371.0,2000.0
214,2023-06-03 17:50:00,2130.466667,4835.312006,15934.0,2000.0
215,2023-06-03 17:55:00,1990.466667,4854.604338,1360.0,2000.0
216,2023-06-03 18:00:00,1855.433333,4957.551986,16821.0,2000.0
217,2023-06-03 18:05:00,1725.433333,5100.214333,784.0,2000.0
218,2023-06-03 18:10:00,1595.433333,5114.261664,6211.0,2000.0
219,2023-06-03 18:15:00,1455.5,4965.291669,17513.0,2000.0
220,2023-06-03 18:20:00,1305.5,4931.949661,19694.0,2000.0
221,2023-06-03 18:25:00,1155.5,4812.65033,5513.0,2000.0
222,2023-06-03 18:30:00,1022.883333,4938.353001,1574.0,2000.0
223,2023-06-03 18:35:00,907.8833333,5057.324011,16516.0,2000.0
224,2023-06-03 18:40:00,792.8833333,7092.381337,2007.0,2000.0
225,2023-06-03 18:45:00,670.4333333,7676.434679,17919.0,2000.0
226,2023-06-03 18:50:00,540.4333333,7501.640684,5971.0,2000.0
227,2023-06-03 18:55:00,410.4333333,7685.170674,13855.0,2000.0
228,2023-06-03 19:00:00,307.75,7359.234344,547.0,2000.0
229,2023-06-03 19:05:00,232.75,6279.787014,10167.0,2000.0
230,2023-06-03 19:10:00,157.75,5158.688349,4976.0,2000.0
231,2023-06-03 19:15:00,100.1333333,5096.727682,7880.0,2000.0
232,2023-06-03 19:20:00,60.13333333,5622.388654,15712.0,2000.0
233,2023-06-03 19:25:00,20.13333333,5811.572676,17669.0,2000.0
234,2023-06-03 19:30:00,0,5282.354331,2197.0,2000.0
235,2023-06-03 19:35:00,0,6857.793651,4148.0,2000.0
236,2023-06-03 19:40:00,0,5171.162336,17443.0,2000.0
237,2023-06-03 19:45:00,0,5246.25467,15400.0,2000.0
238,2023-06-03 19:50:00,0,4909.16134,609.0,2000.0
239,2023-06-03 19:55:00,0,4931.964328,15737.0,2000.0
240,2023-06-03 20:00:00,0,5006.826986,458.0,2000.0
241,2023-06-03 20:05:00,0,4958.048993,16973.0,2000.0
242,2023-06-03 20:10:00,0,4722.299999,1125.0,2000.0
243,2023-06-03 20:15:00,0,4556.068996,9951.0,2000.0
244,2023-06-03 20:20:00,0,4730.760335,5826.0,2000.0
245,2023-06-03 20:25:00,0,4794.284332,6480.0,2000.0
246,2023-06-03 20:30:00,0,4791.67535,14866.0,2000.0
247,2023-06-03 20:35:00,0,4644.818666,17996.0,2000.0
248,2023-06-03 20:40:00,0,4608.203994,4839.0,2000.0
249,2023-06-03 20:45:00,0,4405.348335,10449.0,2000.0
250,2023-06-03 20:50:00,0,4338.567328,17572.0,2000.0
251,2023-06-03 20:55:00,0,4305.680341,8258.0,2000.0
252,2023-06-03 21:00:00,0,4361.542997,14355.0,2000.0
253,2023-06-03 21:05:00,0,4446.603342,5326.0,2000.0
254,2023-06-03 21:10:00,0,4430.306662,12975.0,2000.0
255,2023-06-03 21:15:00,0,4299.016672,5570.0,2000.0
256,2023-06-03 21:20:00,0,4308.83867,19684.0,2000.0
257,2023-06-03 21:25:00,0,4317.78999,15260.0,2000.0
258,2023-06-03 21:30:00,0,4160.240687,4546.0,2000.0
259,2023-06-03 21:35:00,0,4268.64534,7206.0,2000.0
260,2023-06-03 21:40:00,0,4265.947996,11314.0,2000.0
261,2023-06-03 21:45:00,0,4373.854994,9186.0,2000.0
262,2023-06-03 21:50:00,0,4258.595335,17782.0,2000.0
263,2023-06-03 21:55:00,0,4356.807659,18962.0,2000.0
264,2023-06-03 22:00:00,0,4067.480993,4638.0,2000.0
265,2023-06-03 22:05:00,0,3985.275661,10529.0,2000.0
266,2023-06-03 22:10:00,0,4020.514665,14980.0,2000.0
267,2023-06-03 22:15:00,0,4001.459664,11311.0,2000.0
268,2023-06-03 22:20:00,0,3917.011001,5494.0,2000.0
269,2023-06-03 22:25:00,0,3921.318335,5703.0,2000.0
270,2023-06-03 22:30:00,0,3684.912669,10902.0,2000.0
271,2023-06-03 22:35:00,0,3567.892665,19871.0,2000.0
272,2023-06-03 22:40:00,0,3493.705002,1487.0,2000.0
273,2023-06-03 22:45:00,0,3534.527008,251.0,2000.0
274,2023-06-03 22:50:00,0,3728.79133,7880.0,2000.0
275,2023-06-03 22:55:00,0,3813.254006,16526.0,2000.0
276,2023-06-03 23:00:00,0,3486.799336,11994.0,2000.0
277,2023-06-03 23:05:00,0,3344.049995,974.0,2000.0
278,2023-06-03 23:10:00,0,3430.039,12874.0,2000.0
279,2023-06-03 23:15:00,0,3243.398999,265.0,2000.0
280,2023-06-03 23:20:00,0,3277.880332,2910.0,2000.0
281,2023-06-03 23:25:00,0,3482.004668,9733.0,2000.0
282,2023-06-03 23:30:00,0,3458.351997,4068.0,2000.0
283,2023-06-03 23:35:00,0,3349.487674,3653.0,2000.0
284,2023-06-03 23:40:00,0,3310.524329,8783.0,2000.0
285,2023-06-03 23:45:00,0,3240.676338,6912.0,2000.0
286,2023-06-03 23:50:00,0,3391.970665,19336.0,2000.0
287,2023-06-03 23:55:00,0,3448.628999,13991.0,2000.0
288,2023-06-04 0:00:00,0,3384.681998,4531.0,2000.0
289,2023-06-04 0:05:00,0,3357.318006,7723.0,2000.0
290,2023-06-04 0:10:00,0,3512.269008,17866.0,2000.0
291,2023-06-04 0:15:00,0,3242.809339,19582.0,2000.0
292,2023-06-04 0:20:00,0,3009.920329,14623.0,2000.0
293,2023-06-04 0:25:00,0,3082.619335,11534.0,2000.0
294,2023-06-04 0:30:00,0,3181.365997,4505.0,2000.0
295,2023-06-04 0:35:00,0,3064.193666,2737.0,2000.0
296,2023-06-04 0:40:00,0,3111.453333,8705.0,2000.0
297,2023-06-04 0:45:00,0,3202.870669,2339.0,2000.0
298,2023-06-04 0:50:00,0,3149.855001,16692.0,2000.0
299,2023-06-04 0:55:00,0,3138.68533,11048.0,2000.0
300,2023-06-04 1:00:00,0,3079.582338,1154.0,2000.0
301,2023-06-04 1:05:00,0,3177.982341,19572.0,2000.0
302,2023-06-04 1:10:00,0,3386.955664,11119.0,2000.0
303,2023-06-04 1:15:00,0,3356.775663,19973.0,2000.0
304,2023-06-04 1:20:00,0,3321.951996,4212.0,2000.0
305,2023-06-04 1:25:00,0,3249.076667,15980.0,2000.0
306,2023-06-04 1:30:00,0,3189.276002,12737.0,2000.0
307,2023-06-04 1:35:00,0,3424.994993,8431.0,2000.0
308,2023-06-04 1:40:00,0,3406.166339,2253.0,2000.0
309,2023-06-04 1:45:00,0,3286.622336,3571.0,2000.0
310,2023-06-04 1:50:00,0,3227.609996,10876.0,2000.0
311,2023-06-04 1:55:00,0,3265.450658,15373.0,2000.0
312,2023-06-04 2:00:00,0,3127.977667,6445.0,2000.0
313,2023-06-04 2:05:00,0,3014.379336,11123.0,2000.0
314,2023-06-04 2:10:00,0,2959.600341,8249.0,2000.0
315,2023-06-04 2:15:00,0,3001.009332,7889.0,2000.0
316,2023-06-04 2:20:00,0,2879.13433,19142.0,2000.0
317,2023-06-04 2:25:00,0,3079.082005,6122.0,2000.0
318,2023-06-04 2:30:00,0,3062.443996,16353.0,2000.0
319,2023-06-04 2:35:00,0,2970.314323,17231.0,2000.0
320,2023-06-04 2:40:00,0,3052.975672,3579.0,2000.0
321,2023-06-04 2:45:00,0,3232.846335,19940.0,2000.0
322,2023-06-04 2:50:00,0,3143.730665,8401.0,2000.0
323,2023-06-04 2:55:00,0,3407.058329,13532.0,2000.0
324,2023-06-04 3:00:00,0,3810.690667,1900.0,2000.0
325,2023-06-04 3:05:00,0,3722.880321,8538.0,2000.0
326,2023-06-04 3:10:00,0,3269.848005,12719.0,2000.0
327,2023-06-04 3:15:00,7.45,3221.039331,12316.0,2000.0
328,2023-06-04 3:20:00,22.45,3334.087672,12757.0,2000.0
329,2023-06-04 3:25:00,37.45,3327.761668,1466.0,2000.0
330,2023-06-04 3:30:00,119.5,3235.411332,14849.0,2000.0
331,2023-06-04 3:35:00,269.5,3172.657999,10211.0,2000.0
332,2023-06-04 3:40:00,419.5,3078.113,4483.0,2000.0
333,2023-06-04 3:45:00,845.15,3159.982005,13384.0,2000.0
334,2023-06-04 3:50:00,1550.15,3020.145008,8008.0,2000.0
335,2023-06-04 3:55:00,2255.15,3226.85333,2258.0,2000.0
336,2023-06-04 4:00:00,3042.1,3300.15833,14648.0,2000.0
337,2023-06-04 4:05:00,3912.1,3600.039664,4503.0,2000.0
338,2023-06-04 4:10:00,4782.1,3300.587994,9053.0,2000.0
339,2023-06-04 4:15:00,5629.75,4350.090345,8918.0,2000.0
340,2023-06-04 4:20:00,6454.75,3732.715327,8062.0,2000.0
341,2023-06-04 4:25:00,7279.75,3559.663331,4344.0,2000.0
342,2023-06-04 4:30:00,7943.333333,3929.360345,12978.0,2000.0
343,2023-06-04 4:35:00,8443.333333,4143.057322,15059.0,2000.0
344,2023-06-04 4:40:00,8943.333333,3537.514004,15251.0,2000.0
345,2023-06-04 4:45:00,9468.166667,3498.127998,1386.0,2000.0
346,2023-06-04 4:50:00,10018.16667,3838.789672,15183.0,2000.0
347,2023-06-04 4:55:00,10568.16667,4227.080672,2659.0,2000.0
348,2023-06-04 5:00:00,11105.75,3769.996002,2296.0,2000.0
349,2023-06-04 5:05:00,11630.75,3686.329675,14946.0,2000.0
350,2023-06-04 5:10:00,12155.75,4030.069671,12813.0,2000.0
351,2023-06-04 5:15:00,12655.91667,3872.599335,7107.0,2000.0
352,2023-06-04 5:20:00,13130.91667,3472.232999,2772.0,2000.0
353,2023-06-04 5:25:00,13605.91667,3326.085667,4468.0,2000.0
354,2023-06-04 5:30:00,14063.53333,3172.504998,5053.0,2000.0
355,2023-06-04 5:35:00,14503.53333,4029.732998,9389.0,2000.0
356,2023-06-04 5:40:00,14943.53333,3541.876666,1695.0,2000.0
357,2023-06-04 5:45:00,15371.11667,4182.642669,11192.0,2000.0
358,2023-06-04 5:50:00,15786.11667,3954.623334,5014.0,2000.0
359,2023-06-04 5:55:00,16201.11667,3211.931001,9498.0,2000.0
360,2023-06-04 6:00:00,16648.4,3148.895341,15325.0,2000.0
361,2023-06-04 6:05:00,17128.4,3283.707335,2501.0,2000.0
362,2023-06-04 6:10:00,17608.4,4102.123369,8172.0,2000.0
363,2023-06-04 6:15:00,18110.75,5093.444992,5960.0,2000.0
364,2023-06-04 6:20:00,18635.75,5230.662673,3203.0,2000.0
365,2023-06-04 6:25:00,19160.75,3082.857,12021.0,2000.0
366,2023-06-04 6:30:00,19725.48333,4497.760991,11838.0,2000.0
367,2023-06-04 6:35:00,20330.48333,4452.22335,7254.0,2000.0
368,2023-06-04 6:40:00,20935.48333,4677.169,827.0,2000.0
369,2023-06-04 6:45:00,21562.83333,3759.366991,6943.0,2000.0
370,2023-06-04 6:50:00,22212.83333,3190.054003,5293.0,2000.0
371,2023-06-04 6:55:00,22862.83333,4629.340003,2518.0,2000.0
372,2023-06-04 7:00:00,23574.91667,3907.226008,17051.0,2000.0
373,2023-06-04 7:05:00,24349.91667,4198.256325,18352.0,2000.0
374,2023-06-04 7:10:00,25124.91667,4234.573348,10979.0,2000.0
375,2023-06-04 7:15:00,25822.93333,6424.606686,9215.0,2000.0
376,2023-06-04 7:20:00,26442.93333,5732.413009,15247.0,2000.0
377,2023-06-04 7:25:00,27062.93333,6443.621676,8862.0,2000.0
378,2023-06-04 7:30:00,27687.9,4067.857672,2412.0,2000.0
379,2023-06-04 7:35:00,28317.9,3511.387998,14597.0,2000.0
380,2023-06-04 7:40:00,28947.9,3696.020339,15797.0,2000.0
381,2023-06-04 7:45:00,29553.06667,3793.666007,12983.0,2000.0
382,2023-06-04 7:50:00,30133.06667,3669.085327,13696.0,2000.0
383,2023-06-04 7:55:00,30713.06667,3804.290331,5658.0,2000.0
384,2023-06-04 8:00:00,31263.26667,4351.866331,3478.0,2000.0
385,2023-06-04 8:05:00,31783.26667,7014.693334,12931.0,2000.0
386,2023-06-04 8:10:00,32303.26667,6757.238342,2322.0,2000.0
387,2023-06-04 8:15:00,32813.33333,5071.495992,5510.0,2000.0
388,2023-06-04 8:20:00,33313.33333,4246.600991,10821.0,2000.0
389,2023-06-04 8:25:00,33813.33333,3629.877662,18342.0,2000.0
390,2023-06-04 8:30:00,34276.08333,3631.517996,15330.0,2000.0
391,2023-06-04 8:35:00,34701.08333,3432.90767,12707.0,2000.0
392,2023-06-04 8:40:00,35126.08333,3303.333994,14519.0,2000.0
393,2023-06-04 8:45:00,35556.05,3452.893334,8382.0,2000.0
394,2023-06-04 8:50:00,35991.05,3801.335996,1058.0,2000.0
395,2023-06-04 8:55:00,36426.05,3489.866328,4203.0,2000.0
396,2023-06-04 9:00:00,36813.86667,3710.866667,3595.0,2000.0
397,2023-06-04 9:05:00,37153.86667,3207.891331,8389.0,2000.0
398,2023-06-04 9:10:00,37493.86667,3143.571664,11672.0,2000.0
399,2023-06-04 9:15:00,37846.28333,3075.228339,14139.0,2000.0
400,2023-06-04 9:20:00,38211.28333,3117.286004,9689.0,2000.0
401,2023-06-04 9:25:00,38576.28333,3136.848007,6995.0,2000.0
402,2023-06-04 9:30:00,38894.1,3255.555334,14409.0,2000.0
403,2023-06-04 9:35:00,39164.1,3390.236983,18513.0,2000.0
404,2023-06-04 9:40:00,39434.1,3694.584672,8201.0,2000.0
405,2023-06-04 9:45:00,39706.58333,3636.872327,5722.0,2000.0
406,2023-06-04 9:50:00,39981.58333,3645.912336,14742.0,2000.0
407,2023-06-04 9:55:00,40256.58333,3606.49967,17861.0,2000.0
408,2023-06-04 10:00:00,40491.85,3585.463337,17534.0,2000.0
409,2023-06-04 10:05:00,40686.85,4097.035668,3034.0,2000.0
410,2023-06-04 10:10:00,40881.85,5317.725997,15507.0,2000.0
411,2023-06-04 10:15:00,41094.23333,8137.261996,6863.0,2000.0
412,2023-06-04 10:20:00,41324.23333,6017.141321,6726.0,2000.0
413,2023-06-04 10:25:00,41554.23333,5937.261012,14946.0,2000.0
414,2023-06-04 10:30:00,41684.9,6506.124337,17167.0,2000.0
415,2023-06-04 10:35:00,41714.9,5495.329985,3973.0,2000.0
416,2023-06-04 10:40:00,41744.9,6502.489316,15346.0,2000.0
417,2023-06-04 10:45:00,41675.56667,4092.383664,8319.0,2000.0
418,2023-06-04 10:50:00,41505.56667,3776.694659,10687.0,2000.0
419,2023-06-04 10:55:00,41335.56667,3736.702669,18355.0,2000.0
420,2023-06-04 11:00:00,39720.26667,3808.892671,16462.0,2000.0
421,2023-06-04 11:05:00,36640.26667,4112.798338,1361.0,2000.0
422,2023-06-04 11:10:00,33560.26667,4948.635683,14052.0,2000.0
423,2023-06-04 11:15:00,31371.78333,5949.717329,2494.0,2000.0
424,2023-06-04 11:20:00,30086.78333,4474.178311,9897.0,2000.0
425,2023-06-04 11:25:00,28801.78333,4762.471643,14383.0,2000.0
426,2023-06-04 11:30:00,28172.38333,4732.298017,6091.0,2000.0
427,2023-06-04 11:35:00,28207.38333,4388.907988,518.0,2000.0
428,2023-06-04 11:40:00,28242.38333,4347.374326,3786.0,2000.0
429,2023-06-04 11:45:00,30480.1,3982.495338,13447.0,2000.0
430,2023-06-04 11:50:00,34950.1,3872.137665,13450.0,2000.0
431,2023-06-04 11:55:00,39420.1,4470.460001,8284.0,2000.0
432,2023-06-04 12:00:00,39708.16667,4998.285341,17916.0,2000.0
433,2023-06-04 12:05:00,35758.16667,5004.861002,8687.0,2000.0
434,2023-06-04 12:10:00,31808.16667,4746.480335,19800.0,2000.0
435,2023-06-04 12:15:00,32032.65,7173.886327,4940.0,2000.0
436,2023-06-04 12:20:00,36487.65,5865.454679,2623.0,2000.0
437,2023-06-04 12:25:00,40942.65,4673.603672,12254.0,2000.0
438,2023-06-04 12:30:00,41816.68333,4524.319671,6215.0,2000.0
439,2023-06-04 12:35:00,39061.68333,5340.10235,12327.0,2000.0
440,2023-06-04 12:40:00,36306.68333,5772.23867,10842.0,2000.0
441,2023-06-04 12:45:00,34602.13333,5685.493326,10385.0,2000.0
442,2023-06-04 12:50:00,33962.13333,6937.719352,12887.0,2000.0
443,2023-06-04 12:55:00,33322.13333,5376.344663,19150.0,2000.0
444,2023-06-04 13:00:00,33546.33333,8104.750987,17211.0,2000.0
445,2023-06-04 13:05:00,34646.33333,8336.017006,14446.0,2000.0
446,2023-06-04 13:10:00,35746.33333,8038.294021,1239.0,2000.0
447,2023-06-04 13:15:00,36039.25,6181.412335,838.0,2000.0
448,2023-06-04 13:20:00,35514.25,8724.260322,2130.0,2000.0
449,2023-06-04 13:25:00,34989.25,7268.713666,14548.0,2000.0
450,2023-06-04 13:30:00,34978.3,6409.262668,500.0,2000.0
451,2023-06-04 13:35:00,35488.3,4612.874675,5364.0,2000.0
452,2023-06-04 13:40:00,35998.3,6368.652339,5627.0,2000.0
453,2023-06-04 13:45:00,36331.98333,4788.710326,12020.0,2000.0
454,2023-06-04 13:50:00,36486.98333,6258.424335,9565.0,2000.0
455,2023-06-04 13:55:00,36641.98333,5283.437997,93.0,2000.0
456,2023-06-04 14:00:00,33690.33333,5831.922336,8645.0,2000.0
457,2023-06-04 14:05:00,27590.33333,4599.559003,11835.0,2000.0
458,2023-06-04 14:10:00,21490.33333,5181.026013,9528.0,2000.0
459,2023-06-04 14:15:00,18092.2,5445.302318,7623.0,2000.0
460,2023-06-04 14:20:00,17432.2,4555.521674,19805.0,2000.0
461,2023-06-04 14:25:00,16772.2,4374.351001,4522.0,2000.0
462,2023-06-04 14:30:00,18963.06667,5367.727999,13267.0,2000.0
463,2023-06-04 14:35:00,24043.06667,5381.822999,9041.0,2000.0
464,2023-06-04 14:40:00,29123.06667,5054.548999,8934.0,2000.0
465,2023-06-04 14:45:00,31535.96667,5426.697661,2838.0,2000.0
466,2023-06-04 14:50:00,31245.96667,5439.012995,1273.0,2000.0
467,2023-06-04 14:55:00,30955.96667,5414.236334,8269.0,2000.0
468,2023-06-04 15:00:00,30318.3,6402.537003,15423.0,2000.0
469,2023-06-04 15:05:00,29328.3,5836.636988,6093.0,2000.0
470,2023-06-04 15:10:00,28338.3,6762.603028,15847.0,2000.0
471,2023-06-04 15:15:00,27601.6,6622.594663,8970.0,2000.0
472,2023-06-04 15:20:00,27121.6,7162.432986,7862.0,2000.0
473,2023-06-04 15:25:00,26641.6,7765.983362,15518.0,2000.0
474,2023-06-04 15:30:00,25868.56667,7209.615357,10010.0,2000.0
475,2023-06-04 15:35:00,24798.56667,7099.386046,16331.0,2000.0
476,2023-06-04 15:40:00,23728.56667,5577.133327,4181.0,2000.0
477,2023-06-04 15:45:00,22976.43333,5682.923679,19533.0,2000.0
478,2023-06-04 15:50:00,22546.43333,6975.893351,6533.0,2000.0
479,2023-06-04 15:55:00,22116.43333,7346.664671,12818.0,2000.0
480,2023-06-04 16:00:00,21557.3,7928.092658,4367.0,2000.0
481,2023-06-04 16:05:00,20867.3,8637.024036,1729.0,2000.0
482,2023-06-04 16:10:00,20177.3,7828.51532,13906.0,2000.0
483,2023-06-04 16:15:00,19353.2,7674.780642,17385.0,2000.0
484,2023-06-04 16:20:00,18393.2,5364.720349,13421.0,2000.0
485,2023-06-04 16:25:00,17433.2,4679.322325,16715.0,2000.0
486,2023-06-04 16:30:00,15320.93333,4501.761997,14571.0,2000.0
487,2023-06-04 16:35:00,12040.93333,5080.368664,3673.0,2000.0
488,2023-06-04 16:40:00,8760.933333,6454.267319,14223.0,2000.0
489,2023-06-04 16:45:00,6727.566667,6821.87868,16143.0,2000.0
490,2023-06-04 16:50:00,5957.566667,9296.358351,18943.0,2000.0
491,2023-06-04 16:55:00,5187.566667,8840.806657,11270.0,2000.0
492,2023-06-04 17:00:00,4675.833333,7451.449989,17715.0,2000.0
493,2023-06-04 17:05:00,4425.833333,7525.05199,16133.0,2000.0
494,2023-06-04 17:10:00,4175.833333,6133.027678,1091.0,2000.0
495,2023-06-04 17:15:00,3878.65,4952.437996,14738.0,2000.0
496,2023-06-04 17:20:00,3533.65,7283.445996,14088.0,2000.0
497,2023-06-04 17:25:00,3188.65,7154.464007,3065.0,2000.0
498,2023-06-04 17:30:00,3079.566667,5345.265995,11773.0,2000.0
499,2023-06-04 17:35:00,3209.566667,4798.643663,5601.0,2000.0
500,2023-06-04 17:40:00,3339.566667,5610.609996,3859.0,2000.0
501,2023-06-04 17:45:00,3385.133333,4567.323993,12076.0,2000.0
502,2023-06-04 17:50:00,3345.133333,4617.262662,801.0,2000.0
503,2023-06-04 17:55:00,3305.133333,4569.73034,11876.0,2000.0
504,2023-06-04 18:00:00,3138.483333,4619.748995,17409.0,2000.0
505,2023-06-04 18:05:00,2843.483333,4741.95133,9351.0,2000.0
506,2023-06-04 18:10:00,2548.483333,4718.500327,12779.0,2000.0
507,2023-06-04 18:15:00,2355.3,4683.090666,7410.0,2000.0
508,2023-06-04 18:20:00,2265.3,4655.050653,2790.0,2000.0
509,2023-06-04 18:25:00,2175.3,4536.113671,14818.0,2000.0
510,2023-06-04 18:30:00,2080.333333,4596.825656,12580.0,2000.0
511,2023-06-04 18:35:00,1980.333333,5350.029333,8360.0,2000.0
512,2023-06-04 18:40:00,1880.333333,5371.15134,11072.0,2000.0
513,2023-06-04 18:45:00,1646.233333,5531.793005,18509.0,2000.0
514,2023-06-04 18:50:00,1276.233333,5418.220341,14037.0,2000.0
515,2023-06-04 18:55:00,906.2333333,5573.376997,9646.0,2000.0
516,2023-06-04 19:00:00,628.1166667,5502.434998,15374.0,2000.0
517,2023-06-04 19:05:00,443.1166667,5263.153339,14989.0,2000.0
518,2023-06-04 19:10:00,258.1166667,5279.988001,6682.0,2000.0
519,2023-06-04 19:15:00,137.6833333,5406.652334,19003.0,2000.0
520,2023-06-04 19:20:00,82.68333333,5188.453677,10683.0,2000.0
521,2023-06-04 19:25:00,27.68333333,5246.429675,11450.0,2000.0
522,2023-06-04 19:30:00,0,5150.434002,5658.0,2000.0
523,2023-06-04 19:35:00,0,5210.653987,17470.0,2000.0
524,2023-06-04 19:40:00,0,5143.660987,11856.0,2000.0
525,2023-06-04 19:45:00,0,5966.891988,8618.0,2000.0
526,2023-06-04 19:50:00,0,5828.212657,1882.0,2000.0
527,2023-06-04 19:55:00,0,5916.614689,1368.0,2000.0
528,2023-06-04 20:00:00,0,4808.440328,5435.0,2000.0
529,2023-06-04 20:05:00,0,4978.489328,14989.0,2000.0
530,2023-06-04 20:10:00,0,4836.306341,17410.0,2000.0
531,2023-06-04 20:15:00,0,4710.452338,17119.0,2000.0
532,2023-06-04 20:20:00,0,4700.379342,19606.0,2000.0
533,2023-06-04 20:25:00,0,4660.533987,16381.0,2000.0
534,2023-06-04 20:30:00,0,5268.987001,15210.0,2000.0
535,2023-06-04 20:35:00,0,5626.400646,7456.0,2000.0
536,2023-06-04 20:40:00,0,5027.796334,6454.0,2000.0
537,2023-06-04 20:45:00,0,5325.815676,17107.0,2000.0
538,2023-06-04 20:50:00,0,4583.381992,4228.0,2000.0
539,2023-06-04 20:55:00,0,4717.548338,10475.0,2000.0
540,2023-06-04 21:00:00,0,4728.098674,10076.0,2000.0
541,2023-06-04 21:05:00,0,5072.286008,13544.0,2000.0
542,2023-06-04 21:10:00,0,5055.130665,16573.0,2000.0
543,2023-06-04 21:15:00,0,4676.188996,17562.0,2000.0
544,2023-06-04 21:20:00,0,4669.191344,15725.0,2000.0
545,2023-06-04 21:25:00,0,4332.354991,1450.0,2000.0
546,2023-06-04 21:30:00,0,4250.240998,5978.0,2000.0
547,2023-06-04 21:35:00,0,4209.111344,1463.0,2000.0
548,2023-06-04 21:40:00,0,4148.914677,13816.0,2000.0
549,2023-06-04 21:45:00,0,4026.379999,14884.0,2000.0
550,2023-06-04 21:50:00,0,4003.205005,17521.0,2000.0
551,2023-06-04 21:55:00,0,3915.197678,5083.0,2000.0
552,2023-06-04 22:00:00,0,3881.997333,8368.0,2000.0
553,2023-06-04 22:05:00,0,3873.376999,16542.0,2000.0
554,2023-06-04 22:10:00,0,3879.127678,14656.0,2000.0
555,2023-06-04 22:15:00,0,3878.636667,13504.0,2000.0
556,2023-06-04 22:20:00,0,3974.69533,11012.0,2000.0
557,2023-06-04 22:25:00,0,4003.102668,6143.0,2000.0
558,2023-06-04 22:30:00,0,3973.435331,17678.0,2000.0
559,2023-06-04 22:35:00,0,4151.475663,17373.0,2000.0
560,2023-06-04 22:40:00,0,4464.501344,11156.0,2000.0
561,2023-06-04 22:45:00,0,4407.525996,1176.0,2000.0
562,2023-06-04 22:50:00,0,6594.571669,17398.0,2000.0
563,2023-06-04 22:55:00,0,6226.546317,15608.0,2000.0
564,2023-06-04 23:00:00,0,6347.992665,18519.0,2000.0
565,2023-06-04 23:05:00,0,5260.842998,2380.0,2000.0
566,2023-06-04 23:10:00,0,3616.648002,7064.0,2000.0
567,2023-06-04 23:15:00,0,3988.933669,2298.0,2000.0
568,2023-06-04 23:20:00,0,3533.400992,15549.0,2000.0
569,2023-06-04 23:25:00,0,3353.190664,11265.0,2000.0
570,2023-06-04 23:30:00,0,3134.589678,19730.0,2000.0
571,2023-06-04 23:35:00,0,3068.483995,4740.0,2000.0
572,2023-06-04 23:40:00,0,3177.869998,394.0,2000.0
573,2023-06-04 23:45:00,0,3085.451334,12856.0,2000.0
574,2023-06-04 23:50:00,0,2962.94167,6586.0,2000.0
575,2023-06-04 23:55:00,0,3116.416671,9063.0,2000.0
576,2023-06-05 0:00:00,0,3260.851672,1076.0,2000.0
577,2023-06-05 0:05:00,0,3352.803327,11454.0,2000.0
578,2023-06-05 0:10:00,0,3465.094007,17821.0,2000.0
579,2023-06-05 0:15:00,0,3499.087003,11411.0,2000.0
580,2023-06-05 0:20:00,0,3370.233995,8942.0,2000.0
581,2023-06-05 0:25:00,0,3278.534001,14179.0,2000.0
582,2023-06-05 0:30:00,0,3189.243998,18265.0,2000.0
583,2023-06-05 0:35:00,0,3069.577336,17360.0,2000.0
584,2023-06-05 0:40:00,0,3011.801331,10236.0,2000.0
585,2023-06-05 0:45:00,0,3086.814337,14806.0,2000.0
586,2023-06-05 0:50:00,0,3037.707659,19740.0,2000.0
587,2023-06-05 0:55:00,0,3150.317336,19608.0,2000.0
588,2023-06-05 1:00:00,0,3033.456665,1142.0,2000.0
589,2023-06-05 1:05:00,0,3057.28033,14843.0,2000.0
590,2023-06-05 1:10:00,0,2965.945,13913.0,2000.0
591,2023-06-05 1:15:00,0,2932.16867,19129.0,2000.0
592,2023-06-05 1:20:00,0,2982.645339,1978.0,2000.0
593,2023-06-05 1:25:00,0,3098.377337,14362.0,2000.0
594,2023-06-05 1:30:00,0,3323.203004,6529.0,2000.0
595,2023-06-05 1:35:00,0,3413.73867,6499.0,2000.0
596,2023-06-05 1:40:00,0,3287.284331,7395.0,2000.0
597,2023-06-05 1:45:00,0,3305.091995,2061.0,2000.0
598,2023-06-05 1:50:00,0,3417.843997,11618.0,2000.0
599,2023-06-05 1:55:00,0,3450.496662,9868.0,2000.0
600,2023-06-05 2:00:00,0,3472.219009,3599.0,2000.0
601,2023-06-05 2:05:00,0,3250.536674,11727.0,2000.0
602,2023-06-05 2:10:00,0,3154.003334,11021.0,2000.0
603,2023-06-05 2:15:00,0,3190.804335,16476.0,2000.0
604,2023-06-05 2:20:00,0,3219.678674,6506.0,2000.0
605,2023-06-05 2:25:00,0,3255.294332,19443.0,2000.0
606,2023-06-05 2:30:00,0,3308.461669,16857.0,2000.0
607,2023-06-05 2:35:00,0,3235.723667,17716.0,2000.0
608,2023-06-05 2:40:00,0,3339.32433,14351.0,2000.0
609,2023-06-05 2:45:00,0,3315.269996,1661.0,2000.0
610,2023-06-05 2:50:00,0,3315.458,10908.0,2000.0
611,2023-06-05 2:55:00,0,3223.858331,19744.0,2000.0
612,2023-06-05 3:00:00,0,3150.274669,4128.0,2000.0
613,2023-06-05 3:05:00,0,3069.616998,9129.0,2000.0
614,2023-06-05 3:10:00,0,3207.825668,2827.0,2000.0
615,2023-06-05 3:15:00,0,3537.668674,1025.0,2000.0
616,2023-06-05 3:20:00,0,3523.174672,12274.0,2000.0
617,2023-06-05 3:25:00,0,3556.448669,12094.0,2000.0
618,2023-06-05 3:30:00,47.18333333,3371.776671,12973.0,2000.0
619,2023-06-05 3:35:00,142.1833333,3093.844341,689.0,2000.0
620,2023-06-05 3:40:00,237.1833333,3113.252329,14181.0,2000.0
621,2023-06-05 3:45:00,411.65,3422.370335,9972.0,2000.0
622,2023-06-05 3:50:00,666.65,3185.941674,15469.0,2000.0
623,2023-06-05 3:55:00,921.65,3340.842671,7129.0,2000.0
624,2023-06-05 4:00:00,1308.266667,3701.211334,8800.0,2000.0
625,2023-06-05 4:05:00,1828.266667,3923.815669,3020.0,2000.0
626,2023-06-05 4:10:00,2348.266667,3525.763326,6692.0,2000.0
627,2023-06-05 4:15:00,3464.266667,4013.30066,7743.0,2000.0
628,2023-06-05 4:20:00,5184.266667,3673.289013,2930.0,2000.0
629,2023-06-05 4:25:00,6904.266667,3840.852342,13098.0,2000.0
630,2023-06-05 4:30:00,8013.366667,3327.905998,14528.0,2000.0
631,2023-06-05 4:35:00,8503.366667,3195.589671,9341.0,2000.0
632,2023-06-05 4:40:00,8993.366667,3194.638333,12263.0,2000.0
633,2023-06-05 4:45:00,9316.983333,3229.64833,16072.0,2000.0
634,2023-06-05 4:50:00,9471.983333,3227.298666,14368.0,2000.0
635,2023-06-05 4:55:00,9626.983333,3300.592667,8479.0,2000.0
636,2023-06-05 5:00:00,9861.45,4213.575323,11003.0,2000.0
637,2023-06-05 5:05:00,10176.45,5552.906332,4985.0,2000.0
638,2023-06-05 5:10:00,10491.45,6303.999988,18673.0,2000.0
639,2023-06-05 5:15:00,11635.88333,5504.733011,7657.0,2000.0
640,2023-06-05 5:20:00,13620.88333,6306.591673,13173.0,2000.0
641,2023-06-05 5:25:00,15605.88333,6547.75466,17680.0,2000.0
642,2023-06-05 5:30:00,16721.71667,6546.220344,15223.0,2000.0
643,2023-06-05 5:35:00,16956.71667,5829.043305,9144.0,2000.0
644,2023-06-05 5:40:00,17191.71667,7147.51832,17568.0,2000.0
645,2023-06-05 5:45:00,17426.71667,7023.907306,3972.0,2000.0
646,2023-06-05 5:50:00,17661.71667,7933.459641,2768.0,2000.0
647,2023-06-05 5:55:00,17896.71667,4756.418017,19620.0,2000.0
648,2023-06-05 6:00:00,18091.98333,3918.079345,15082.0,2000.0
649,2023-06-05 6:05:00,18246.98333,3745.955653,3830.0,2000.0
650,2023-06-05 6:10:00,18401.98333,3374.618337,16701.0,2000.0
651,2023-06-05 6:15:00,18666.25,4388.674667,11678.0,2000.0
652,2023-06-05 6:20:00,19041.25,7412.815984,16068.0,2000.0
653,2023-06-05 6:25:00,19416.25,8453.978992,16643.0,2000.0
654,2023-06-05 6:30:00,19885.61667,7693.953326,5988.0,2000.0
655,2023-06-05 6:35:00,20450.61667,5948.645014,2646.0,2000.0
656,2023-06-05 6:40:00,21015.61667,4938.001328,17106.0,2000.0
657,2023-06-05 6:45:00,21617.86667,5442.576007,9389.0,2000.0
658,2023-06-05 6:50:00,22257.86667,5032.455662,16138.0,2000.0
659,2023-06-05 6:55:00,22897.86667,4258.256667,19449.0,2000.0
660,2023-06-05 7:00:00,23535.38333,3849.721,17998.0,2000.0
661,2023-06-05 7:05:00,24170.38333,3754.157663,5911.0,2000.0
662,2023-06-05 7:10:00,24805.38333,3623.422663,15221.0,2000.0
663,2023-06-05 7:15:00,25442.86667,3741.652337,6508.0,2000.0
664,2023-06-05 7:20:00,26082.86667,3645.315998,523.0,2000.0
665,2023-06-05 7:25:00,26722.86667,3975.347988,13538.0,2000.0
666,2023-06-05 7:30:00,27375.28333,3675.817664,6594.0,2000.0
667,2023-06-05 7:35:00,28040.28333,3660.678327,12269.0,2000.0
668,2023-06-05 7:40:00,28705.28333,4822.98667,18907.0,2000.0
669,2023-06-05 7:45:00,29263.5,4653.100337,5939.0,2000.0
670,2023-06-05 7:50:00,29713.5,4024.079336,5542.0,2000.0
671,2023-06-05 7:55:00,30163.5,4023.81999,11917.0,2000.0
672,2023-06-05 8:00:00,30628.4,4041.231338,12405.0,2000.0
673,2023-06-05 8:05:00,31108.4,3906.74833,19285.0,2000.0
674,2023-06-05 8:10:00,31588.4,3772.817337,19767.0,2000.0
675,2023-06-05 8:15:00,32070.88333,4571.825659,17621.0,2000.0
676,2023-06-05 8:20:00,32555.88333,4820.107333,15466.0,2000.0
677,2023-06-05 8:25:00,33040.88333,5733.820339,12378.0,2000.0
678,2023-06-05 8:30:00,33473.73333,6343.86133,10351.0,2000.0
679,2023-06-05 8:35:00,33853.73333,6085.185666,16109.0,2000.0
680,2023-06-05 8:40:00,34233.73333,6543.954352,12782.0,2000.0
681,2023-06-05 8:45:00,34663.4,5921.100985,8078.0,2000.0
682,2023-06-05 8:50:00,35143.4,5807.364645,14626.0,2000.0
683,2023-06-05 8:55:00,35623.4,5730.61901,14254.0,2000.0
684,2023-06-05 9:00:00,36133.2,6253.123653,16418.0,2000.0
685,2023-06-05 9:05:00,36673.2,6475.666322,246.0,2000.0
686,2023-06-05 9:10:00,37213.2,5354.640987,2101.0,2000.0
687,2023-06-05 9:15:00,37656.35,4458.188003,4870.0,2000.0
688,2023-06-05 9:20:00,38001.35,4142.587343,8005.0,2000.0
689,2023-06-05 9:25:00,38346.35,4260.049673,3542.0,2000.0
690,2023-06-05 9:30:00,38639.2,4829.186657,1418.0,2000.0
691,2023-06-05 9:35:00,38879.2,5108.370671,17708.0,2000.0
692,2023-06-05 9:40:00,39119.2,4499.584661,10250.0,2000.0
693,2023-06-05 9:45:00,39485.85,4594.036333,5667.0,2000.0
694,2023-06-05 9:50:00,39980.85,4750.704004,12986.0,2000.0
695,2023-06-05 9:55:00,40475.85,4859.619662,13854.0,2000.0
696,2023-06-05 10:00:00,40774.66667,4265.680008,16333.0,2000.0
697,2023-06-05 10:05:00,40874.66667,4261.73134,13525.0,2000.0
698,2023-06-05 10:10:00,40974.66667,4364.617651,16001.0,2000.0
699,2023-06-05 10:15:00,38519.31667,4276.633329,1561.0,2000.0
700,2023-06-05 10:20:00,33474.31667,4170.538002,14272.0,2000.0
701,2023-06-05 10:25:00,28429.31667,4202.084327,8269.0,2000.0
702,2023-06-05 10:30:00,24308.11667,4049.364684,18468.0,2000.0
703,2023-06-05 10:35:00,21123.11667,4322.780661,17973.0,2000.0
704,2023-06-05 10:40:00,17938.11667,5502.015331,16929.0,2000.0
705,2023-06-05 10:45:00,17427.66667,4993.485659,15938.0,2000.0
706,2023-06-05 10:50:00,19627.66667,7281.423998,3351.0,2000.0
707,2023-06-05 10:55:00,21827.66667,5713.23499,15005.0,2000.0
708,2023-06-05 11:00:00,23958.13333,5854.688999,17069.0,2000.0
709,2023-06-05 11:05:00,26018.13333,5025.195329,7559.0,2000.0
710,2023-06-05 11:10:00,28078.13333,5247.871662,10864.0,2000.0
711,2023-06-05 11:15:00,28692.83333,6747.248664,3569.0,2000.0
712,2023-06-05 11:20:00,27842.83333,7197.477302,16896.0,2000.0
713,2023-06-05 11:25:00,26992.83333,7029.988642,6215.0,2000.0
714,2023-06-05 11:30:00,28345.55,6661.710684,11771.0,2000.0
715,2023-06-05 11:35:00,31930.55,7626.809665,9891.0,2000.0
716,2023-06-05 11:40:00,35515.55,7592.691338,2453.0,2000.0
717,2023-06-05 11:45:00,37180.93333,10726.93334,6156.0,2000.0
718,2023-06-05 11:50:00,36900.93333,10714.71468,1264.0,2000.0
719,2023-06-05 11:55:00,36620.93333,9507.815954,71.0,2000.0
720,2023-06-05 12:00:00,33860.08333,9613.70368,8761.0,2000.0
721,2023-06-05 12:05:00,28585.08333,9370.76364,898.0,2000.0
722,2023-06-05 12:10:00,23310.08333,6259.578993,10878.0,2000.0
723,2023-06-05 12:15:00,24151.53333,5745.697995,7556.0,2000.0
724,2023-06-05 12:20:00,31191.53333,5626.922646,8880.0,2000.0
725,2023-06-05 12:25:00,38231.53333,5341.78666,8200.0,2000.0
726,2023-06-05 12:30:00,39343.81667,6910.762012,3066.0,2000.0
727,2023-06-05 12:35:00,34448.81667,7239.972684,9839.0,2000.0
728,2023-06-05 12:40:00,29553.81667,5713.26235,16237.0,2000.0
729,2023-06-05 12:45:00,27380.55,4919.806991,15760.0,2000.0
730,2023-06-05 12:50:00,27965.55,5344.413986,19838.0,2000.0
731,2023-06-05 12:55:00,28550.55,6263.415359,15933.0,2000.0
732,2023-06-05 13:00:00,30908.65,4408.628998,9780.0,2000.0
733,2023-06-05 13:05:00,35063.65,4888.354669,14147.0,2000.0
734,2023-06-05 13:10:00,39218.65,4995.258003,14483.0,2000.0
735,2023-06-05 13:15:00,39832.41667,6346.092981,13826.0,2000.0
736,2023-06-05 13:20:00,36857.41667,7614.498681,6212.0,2000.0
737,2023-06-05 13:25:00,33882.41667,6983.660968,3451.0,2000.0
738,2023-06-05 13:30:00,29188.95,7196.430331,5792.0,2000.0
739,2023-06-05 13:35:00,22753.95,7486.086353,7056.0,2000.0
740,2023-06-05 13:40:00,16318.95,7666.530332,5898.0,2000.0
741,2023-06-05 13:45:00,13599.01667,7813.898018,18691.0,2000.0
742,2023-06-05 13:50:00,14644.01667,6516.264336,11419.0,2000.0
743,2023-06-05 13:55:00,15689.01667,5874.363339,13036.0,2000.0
744,2023-06-05 14:00:00,18373.01667,5760.009333,10098.0,2000.0
745,2023-06-05 14:05:00,22718.01667,5742.343642,3149.0,2000.0
746,2023-06-05 14:10:00,27063.01667,7419.995981,17162.0,2000.0
747,2023-06-05 14:15:00,27347.76667,8252.843999,2939.0,2000.0
748,2023-06-05 14:20:00,23517.76667,10733.84235,13700.0,2000.0
749,2023-06-05 14:25:00,19687.76667,8042.907981,5918.0,2000.0
750,2023-06-05 14:30:00,15070.55,7262.634678,10488.0,2000.0
751,2023-06-05 14:35:00,9655.55,6924.84934,7348.0,2000.0
752,2023-06-05 14:40:00,4240.55,6100.808346,1731.0,2000.0
753,2023-06-05 14:45:00,1264.183333,6453.704645,6006.0,2000.0
754,2023-06-05 14:50:00,759.1833333,7258.616665,10487.0,2000.0
755,2023-06-05 14:55:00,254.1833333,9220.978341,6658.0,2000.0
756,2023-06-05 15:00:00,0,9231.766329,3919.0,2000.0
757,2023-06-05 15:05:00,0,10069.75967,5335.0,2000.0
758,2023-06-05 15:10:00,0,8344.649669,7890.0,2000.0
759,2023-06-05 15:15:00,0,8988.432303,16831.0,2000.0
760,2023-06-05 15:20:00,0,8294.535,9308.0,2000.0
761,2023-06-05 15:25:00,0,9099.630329,18108.0,2000.0
762,2023-06-05 15:30:00,0,7538.472663,12447.0,2000.0
763,2023-06-05 15:35:00,0,8442.602348,2935.0,2000.0
764,2023-06-05 15:40:00,0,8587.285681,11087.0,2000.0
765,2023-06-05 15:45:00,0,6776.933675,9624.0,2000.0
766,2023-06-05 15:50:00,0,6445.587321,17645.0,2000.0
767,2023-06-05 15:55:00,0,8458.601349,2485.0,2000.0
768,2023-06-05 16:00:00,0,10276.60065,3341.0,2000.0
769,2023-06-05 16:05:00,0,11950.78334,14518.0,2000.0
770,2023-06-05 16:10:00,0,11354.14863,11689.0,2000.0
771,2023-06-05 16:15:00,0,9670.400319,8571.0,2000.0
772,2023-06-05 16:20:00,0,8853.768363,2728.0,2000.0
773,2023-06-05 16:25:00,0,8538.140678,3341.0,2000.0
774,2023-06-05 16:30:00,0,8133.142353,15229.0,2000.0
775,2023-06-05 16:35:00,0,7551.25132,4976.0,2000.0
776,2023-06-05 16:40:00,0,7181.532663,7195.0,2000.0
777,2023-06-05 16:45:00,0,7340.441339,8366.0,2000.0
778,2023-06-05 16:50:00,0,8590.79936,8741.0,2000.0
779,2023-06-05 16:55:00,0,6815.405991,2687.0,2000.0
780,2023-06-05 17:00:00,0,4995.775343,3607.0,2000.0
781,2023-06-05 17:05:00,0,6429.493317,4002.0,2000.0
782,2023-06-05 17:10:00,0,8592.19497,15306.0,2000.0
783,2023-06-05 17:15:00,0,10107.84669,3039.0,2000.0
784,2023-06-05 17:20:00,0,8927.885302,19360.0,2000.0
785,2023-06-05 17:25:00,0,6230.758672,10037.0,2000.0
786,2023-06-05 17:30:00,0,6974.728008,11742.0,2000.0
787,2023-06-05 17:35:00,0,4849.802657,5828.0,2000.0
788,2023-06-05 17:40:00,0,5578.777686,36.0,2000.0
789,2023-06-05 17:45:00,0,5397.950343,17347.0,2000.0
790,2023-06-05 17:50:00,0,4541.548321,7502.0,2000.0
791,2023-06-05 17:55:00,0,6268.02433,19956.0,2000.0
792,2023-06-05 18:00:00,0,7725.103003,18454.0,2000.0
793,2023-06-05 18:05:00,0,6788.683011,13776.0,2000.0
794,2023-06-05 18:10:00,0,7521.689681,2664.0,2000.0
795,2023-06-05 18:15:00,0,6156.397027,8092.0,2000.0
796,2023-06-05 18:20:00,0,5725.904345,404.0,2000.0
797,2023-06-05 18:25:00,0,6716.059696,3701.0,2000.0
798,2023-06-05 18:30:00,0,7263.978622,15030.0,2000.0
799,2023-06-05 18:35:00,0,7098.594658,19518.0,2000.0
800,2023-06-05 18:40:00,0,6273.21133,16051.0,2000.0
801,2023-06-05 18:45:00,0,5941.904999,7940.0,2000.0
802,2023-06-05 18:50:00,0,5004.037666,13324.0,2000.0
803,2023-06-05 18:55:00,0,5042.940335,14459.0,2000.0
804,2023-06-05 19:00:00,0,5113.339974,11186.0,2000.0
805,2023-06-05 19:05:00,0,4877.637008,17234.0,2000.0
806,2023-06-05 19:10:00,0,4942.821331,14839.0,2000.0
807,2023-06-05 19:15:00,0,4909.996004,16109.0,2000.0
808,2023-06-05 19:20:00,0,4797.787337,13871.0,2000.0
809,2023-06-05 19:25:00,0,4976.888667,1242.0,2000.0
810,2023-06-05 19:30:00,0,5264.148008,19935.0,2000.0
811,2023-06-05 19:35:00,0,5312.880997,14981.0,2000.0
812,2023-06-05 19:40:00,0,5012.732007,5825.0,2000.0
813,2023-06-05 19:45:00,0,4996.923997,11829.0,2000.0
814,2023-06-05 19:50:00,0,5287.330682,6506.0,2000.0
815,2023-06-05 19:55:00,0,6134.489981,8550.0,2000.0
816,2023-06-05 20:00:00,0,6449.238011,6916.0,2000.0
817,2023-06-05 20:05:00,0,5474.909993,3964.0,2000.0
818,2023-06-05 20:10:00,0,5604.333005,8218.0,2000.0
819,2023-06-05 20:15:00,0,5073.04699,9184.0,2000.0
820,2023-06-05 20:20:00,0,4897.519669,3051.0,2000.0
821,2023-06-05 20:25:00,0,4718.623996,14788.0,2000.0
822,2023-06-05 20:30:00,0,4510.25032,8519.0,2000.0
823,2023-06-05 20:35:00,0,4419.368011,373.0,2000.0
824,2023-06-05 20:40:00,0,4491.008005,9378.0,2000.0
825,2023-06-05 20:45:00,0,4513.661338,11425.0,2000.0
826,2023-06-05 20:50:00,0,4859.766991,5669.0,2000.0
827,2023-06-05 20:55:00,0,6805.429019,7592.0,2000.0
828,2023-06-05 21:00:00,0,6690.153659,1790.0,2000.0
829,2023-06-05 21:05:00,0,6353.173013,13679.0,2000.0
830,2023-06-05 21:10:00,0,5978.323668,4690.0,2000.0
831,2023-06-05 21:15:00,0,5749.19598,8893.0,2000.0
832,2023-06-05 21:20:00,0,4579.565002,5042.0,2000.0
833,2023-06-05 21:25:00,0,4537.032669,14904.0,2000.0
834,2023-06-05 21:30:00,0,4241.892004,7743.0,2000.0
835,2023-06-05 21:35:00,0,4520.775,13854.0,2000.0
836,2023-06-05 21:40:00,0,4718.894657,7228.0,2000.0
837,2023-06-05 21:45:00,0,4394.33866,87.0,2000.0
838,2023-06-05 21:50:00,0,4352.602668,5188.0,2000.0
839,2023-06-05 21:55:00,0,4483.49099,12612.0,2000.0
840,2023-06-05 22:00:00,0,4304.56733,2321.0,2000.0
841,2023-06-05 22:05:00,0,4364.671657,9314.0,2000.0
842,2023-06-05 22:10:00,0,4219.074327,7007.0,2000.0
843,2023-06-05 22:15:00,0,3909.951659,677.0,2000.0
844,2023-06-05 22:20:00,0,3891.975326,1339.0,2000.0
845,2023-06-05 22:25:00,0,3892.207657,5602.0,2000.0
846,2023-06-05 22:30:00,0,3893.198675,10557.0,2000.0
847,2023-06-05 22:35:00,0,3944.145,13220.0,2000.0
848,2023-06-05 22:40:00,0,3829.525325,13397.0,2000.0
849,2023-06-05 22:45:00,0,3833.167994,18190.0,2000.0
850,2023-06-05 22:50:00,0,3837.479326,13094.0,2000.0
851,2023-06-05 22:55:00,0,3967.437328,11037.0,2000.0
852,2023-06-05 23:00:00,0,3676.250338,18591.0,2000.0
853,2023-06-05 23:05:00,0,3741.474338,1831.0,2000.0
854,2023-06-05 23:10:00,0,3716.215667,10463.0,2000.0
855,2023-06-05 23:15:00,0,3763.879006,15139.0,2000.0
856,2023-06-05 23:20:00,0,3723.995668,16792.0,2000.0
857,2023-06-05 23:25:00,0,3598.181338,1036.0,2000.0
858,2023-06-05 23:30:00,0,3522.233337,3855.0,2000.0
859,2023-06-05 23:35:00,0,3691.899666,4324.0,2000.0
860,2023-06-05 23:40:00,0,3584.034667,5847.0,2000.0
861,2023-06-05 23:45:00,0,3437.290327,18760.0,2000.0
862,2023-06-05 23:50:00,0,3341.342,11397.0,2000.0
863,2023-06-05 23:55:00,0,3306.53099,10573.0,2000.0